{
  "False": {
    "precision": 0.9563218390804598,
    "recall": 0.7298245614035088,
    "f1-score": 0.8278606965174129,
    "support": 570.0
  },
  "True": {
    "precision": 0.3333333333333333,
    "recall": 0.8020833333333334,
    "f1-score": 0.4709480122324159,
    "support": 96.0
  },
  "accuracy": 0.7402402402402403,
  "macro avg": {
    "precision": 0.6448275862068965,
    "recall": 0.7659539473684212,
    "f1-score": 0.6494043543749144,
    "support": 666.0
  },
  "weighted avg": {
    "precision": 0.866521694107901,
    "recall": 0.7402402402402403,
    "f1-score": 0.7764138231069628,
    "support": 666.0
  }
}