{
  "False": {
    "precision": 0.9690721649484536,
    "recall": 0.9894736842105263,
    "f1-score": 0.9791666666666666,
    "support": 570.0
  },
  "True": {
    "precision": 0.9285714285714286,
    "recall": 0.8125,
    "f1-score": 0.8666666666666667,
    "support": 96.0
  },
  "accuracy": 0.963963963963964,
  "macro avg": {
    "precision": 0.948821796759941,
    "recall": 0.9009868421052631,
    "f1-score": 0.9229166666666666,
    "support": 666.0
  },
  "weighted avg": {
    "precision": 0.9632342209661797,
    "recall": 0.963963963963964,
    "f1-score": 0.9629504504504505,
    "support": 666.0
  }
}