{
  "False": {
    "precision": 0.9389473684210526,
    "recall": 0.7824561403508772,
    "f1-score": 0.8535885167464115,
    "support": 570.0
  },
  "True": {
    "precision": 0.3541666666666667,
    "recall": 0.7010309278350515,
    "f1-score": 0.47058823529411764,
    "support": 97.0
  },
  "accuracy": 0.7706146926536732,
  "macro avg": {
    "precision": 0.6465570175438596,
    "recall": 0.7417435340929643,
    "f1-score": 0.6620883760202645,
    "support": 667.0
  },
  "weighted avg": {
    "precision": 0.8539042978510745,
    "recall": 0.7706146926536732,
    "f1-score": 0.7978898251409053,
    "support": 667.0
  }
}