{
  "False": {
    "precision": 0.9547413793103449,
    "recall": 0.7771929824561403,
    "f1-score": 0.8568665377176016,
    "support": 570.0
  },
  "True": {
    "precision": 0.37438423645320196,
    "recall": 0.7835051546391752,
    "f1-score": 0.5066666666666667,
    "support": 97.0
  },
  "accuracy": 0.7781109445277361,
  "macro avg": {
    "precision": 0.6645628078817734,
    "recall": 0.7803490685476577,
    "f1-score": 0.6817666021921341,
    "support": 667.0
  },
  "weighted avg": {
    "precision": 0.8703416149068324,
    "recall": 0.7781109445277361,
    "f1-score": 0.8059379207881552,
    "support": 667.0
  }
}