{
  "False": {
    "precision": 0.9518599562363238,
    "recall": 0.7631578947368421,
    "f1-score": 0.8471275559883155,
    "support": 570.0
  },
  "True": {
    "precision": 0.35714285714285715,
    "recall": 0.7731958762886598,
    "f1-score": 0.48859934853420195,
    "support": 97.0
  },
  "accuracy": 0.7646176911544228,
  "macro avg": {
    "precision": 0.6545014066895904,
    "recall": 0.768176885512751,
    "f1-score": 0.6678634522612588,
    "support": 667.0
  },
  "weighted avg": {
    "precision": 0.86537186236516,
    "recall": 0.7646176911544228,
    "f1-score": 0.7949877716958882,
    "support": 667.0
  }
}