{
  "False": {
    "precision": 0.9434276206322796,
    "recall": 0.9947368421052631,
    "f1-score": 0.968403074295474,
    "support": 570.0
  },
  "True": {
    "precision": 0.9545454545454546,
    "recall": 0.6494845360824743,
    "f1-score": 0.7730061349693251,
    "support": 97.0
  },
  "accuracy": 0.9445277361319341,
  "macro avg": {
    "precision": 0.9489865375888671,
    "recall": 0.8221106890938688,
    "f1-score": 0.8707046046323996,
    "support": 667.0
  },
  "weighted avg": {
    "precision": 0.9450444570484385,
    "recall": 0.9445277361319341,
    "f1-score": 0.9399870276468437,
    "support": 667.0
  }
}