{
  "False": {
    "precision": 0.9722703639514731,
    "recall": 0.9842105263157894,
    "f1-score": 0.978204010462075,
    "support": 570.0
  },
  "True": {
    "precision": 0.898876404494382,
    "recall": 0.8333333333333334,
    "f1-score": 0.8648648648648649,
    "support": 96.0
  },
  "accuracy": 0.9624624624624625,
  "macro avg": {
    "precision": 0.9355733842229276,
    "recall": 0.9087719298245613,
    "f1-score": 0.92153443766347,
    "support": 666.0
  },
  "weighted avg": {
    "precision": 0.9616910544801808,
    "recall": 0.9624624624624625,
    "f1-score": 0.9618668363219365,
    "support": 666.0
  }
}