{
  "False": {
    "precision": 0.9625212947189097,
    "recall": 0.9912280701754386,
    "f1-score": 0.9766637856525497,
    "support": 570.0
  },
  "True": {
    "precision": 0.9375,
    "recall": 0.7731958762886598,
    "f1-score": 0.847457627118644,
    "support": 97.0
  },
  "accuracy": 0.95952023988006,
  "macro avg": {
    "precision": 0.9500106473594548,
    "recall": 0.8822119732320493,
    "f1-score": 0.9120607063855969,
    "support": 667.0
  },
  "weighted avg": {
    "precision": 0.9588825157268043,
    "recall": 0.95952023988006,
    "f1-score": 0.9578736846363746,
    "support": 667.0
  }
}