{
  "False": {
    "precision": 0.9527027027027027,
    "recall": 0.9894736842105263,
    "f1-score": 0.9707401032702238,
    "support": 570.0
  },
  "True": {
    "precision": 0.92,
    "recall": 0.711340206185567,
    "f1-score": 0.8023255813953488,
    "support": 97.0
  },
  "accuracy": 0.9490254872563718,
  "macro avg": {
    "precision": 0.9363513513513514,
    "recall": 0.8504069451980467,
    "f1-score": 0.8865328423327863,
    "support": 667.0
  },
  "weighted avg": {
    "precision": 0.9479468373921147,
    "recall": 0.9490254872563718,
    "f1-score": 0.9462480363708791,
    "support": 667.0
  }
}