{
  "False": {
    "precision": 0.9543568464730291,
    "recall": 0.8070175438596491,
    "f1-score": 0.8745247148288974,
    "support": 570.0
  },
  "True": {
    "precision": 0.40217391304347827,
    "recall": 0.7708333333333334,
    "f1-score": 0.5285714285714286,
    "support": 96.0
  },
  "accuracy": 0.8018018018018018,
  "macro avg": {
    "precision": 0.6782653797582536,
    "recall": 0.7889254385964912,
    "f1-score": 0.701548071700163,
    "support": 666.0
  },
  "weighted avg": {
    "precision": 0.8747629101228235,
    "recall": 0.8018018018018018,
    "f1-score": 0.8246575744674605,
    "support": 666.0
  }
}